benchmark	family	bucket	category	n	mean_projection	sd_projection
livebench_reasoning	gemma4	p01	preserve	6	2.182738824128571	7.266541731168337
livebench_reasoning	gemma4	p01	trace_rescue	1	-9.234840298739917	0.0
livebench_reasoning	gemma4	p01	trace_damage	12	-17.43706040589382	33.43684581212836
livebench_reasoning	gemma4	p01	persistent_fail	10	-39.38769660048829	4.998273672358139
livebench_reasoning	gemma4	p02	preserve	5	4.575601742189215	11.31048161782335
livebench_reasoning	gemma4	p02	trace_rescue	1	-8.398525990607295	0.0
livebench_reasoning	gemma4	p02	trace_damage	13	-15.177859389718217	35.58744754796625
livebench_reasoning	gemma4	p02	persistent_fail	10	-31.613733968355575	26.152984448213243
livebench_reasoning	gemma4	p03	preserve	10	8.142024574217753	35.30133354506735
livebench_reasoning	gemma4	p03	trace_rescue	1	-11.184875154002635	0.0
livebench_reasoning	gemma4	p03	trace_damage	8	-30.22910104717733	20.553199641944765
livebench_reasoning	gemma4	p03	persistent_fail	10	-30.414171408322733	27.08105887014228
livebench_reasoning	gemma4	p04-05	preserve	17	26.877047423224386	39.219037316732084
livebench_reasoning	gemma4	p04-05	trace_rescue	1	-12.925632029213304	0.0
livebench_reasoning	gemma4	p04-05	trace_damage	19	-22.070710637437493	24.310044071864382
livebench_reasoning	gemma4	p04-05	persistent_fail	19	-29.193246243409895	23.89383479832744
livebench_reasoning	gemma4	p06-10	preserve	47	56.811602448813716	34.66048980027582
livebench_reasoning	gemma4	p06-10	trace_rescue	7	46.0239433080066	54.38845448678639
livebench_reasoning	gemma4	p06-10	trace_damage	27	-1.1654137625606202	37.02935157777558
livebench_reasoning	gemma4	p06-10	persistent_fail	38	2.3243262855282745	44.997345405232636
livebench_reasoning	gemma4	p11-20	preserve	56	66.20473136666054	30.06545142189867
livebench_reasoning	gemma4	p11-20	trace_rescue	1	105.43106405650092	0.0
livebench_reasoning	gemma4	p11-20	trace_damage	16	38.03592934556584	29.29067851322331
livebench_reasoning	gemma4	p11-20	persistent_fail	35	51.25325579157273	26.711872185744504
livebench_reasoning	gemma4	p21-50	preserve	19	76.7182094321406	23.497031846761157
livebench_reasoning	gemma4	p21-50	trace_damage	2	55.38003094121677	56.39204987440446
livebench_reasoning	gemma4	p21-50	persistent_fail	10	66.71023973410033	10.053977730459945
livebench_reasoning	ministral	p01	preserve	1	34.08259239285809	0.0
livebench_reasoning	ministral	p01	trace_damage	3	30.74959112230739	7.395326071047907
livebench_reasoning	ministral	p01	persistent_fail	25	3.9249403215091	27.400665029025586
livebench_reasoning	ministral	p02	trace_damage	4	38.112178060146285	6.338934348321479
livebench_reasoning	ministral	p02	persistent_fail	22	10.267248632346755	32.305730274717334
livebench_reasoning	ministral	p03	preserve	3	65.19381666573177	6.142383393039018
livebench_reasoning	ministral	p03	trace_rescue	2	61.425242757434845	7.826989853679848
livebench_reasoning	ministral	p03	trace_damage	1	61.33134277925283	0.0
livebench_reasoning	ministral	p03	persistent_fail	20	28.03099524135002	33.917594272115636
livebench_reasoning	ministral	p04-05	preserve	6	72.36857618848983	7.131573583886992
livebench_reasoning	ministral	p04-05	trace_rescue	3	60.497971007728296	1.2041378568091634
livebench_reasoning	ministral	p04-05	trace_damage	1	70.08649535781451	0.0
livebench_reasoning	ministral	p04-05	persistent_fail	34	33.726265109628486	38.651669109149964
livebench_reasoning	ministral	p06-10	preserve	3	61.396805043679024	3.6163832433291208
livebench_reasoning	ministral	p06-10	trace_rescue	2	39.527552370502434	9.099625663721453
livebench_reasoning	ministral	p06-10	trace_damage	1	57.76442958513838	0.0
livebench_reasoning	ministral	p06-10	persistent_fail	53	9.71853932035126	37.15386958509555
livebench_reasoning	ministral	p11-20	persistent_fail	6	3.637504457740216	40.39229173283666
livebench_reasoning	mistral7	p01	trace_rescue	3	54.008265810229204	53.70622573735657
livebench_reasoning	mistral7	p01	trace_damage	1	44.808971302839204	0.0
livebench_reasoning	mistral7	p01	persistent_fail	25	-31.215519934844146	25.331909695212236
livebench_reasoning	mistral7	p02	trace_rescue	2	38.04269456234891	92.72358420158831
livebench_reasoning	mistral7	p02	trace_damage	1	37.80726112892927	0.0
livebench_reasoning	mistral7	p02	persistent_fail	26	-39.19076697731544	30.645638281350834
livebench_reasoning	mistral7	p03	trace_rescue	3	82.6534839143137	66.47298464033112
livebench_reasoning	mistral7	p03	trace_damage	1	63.885570849601045	0.0
livebench_reasoning	mistral7	p03	persistent_fail	25	-29.62503625754147	24.523325927409175
livebench_reasoning	mistral7	p04-05	trace_rescue	5	33.21350240793871	58.93627009649001
livebench_reasoning	mistral7	p04-05	trace_damage	2	56.552262013831836	23.546520098855712
livebench_reasoning	mistral7	p04-05	persistent_fail	40	-19.09217564049504	44.175848074555454
livebench_reasoning	mistral7	p06-10	preserve	1	65.20109530620827	0.0
livebench_reasoning	mistral7	p06-10	trace_damage	4	52.93173782285548	16.034083601643207
livebench_reasoning	mistral7	p06-10	persistent_fail	47	-42.39338276923004	39.29547249849799
livebench_reasoning	mistral7	p11-20	persistent_fail	16	-48.78257783066954	28.247683544218432
livebench_reasoning	qwen25	p01	preserve	6	16.827455228708143	10.662032249498386
livebench_reasoning	qwen25	p01	trace_rescue	3	12.00480669880041	13.866365863554503
livebench_reasoning	qwen25	p01	trace_damage	3	-4.046539943399909	5.705180311243498
livebench_reasoning	qwen25	p01	persistent_fail	15	-9.384571114387828	20.128583456354036
livebench_reasoning	qwen25	p02	preserve	5	7.21379912438267	10.897250171577223
livebench_reasoning	qwen25	p02	trace_rescue	3	-3.5312861316661652	7.383746282123972
livebench_reasoning	qwen25	p02	trace_damage	4	-6.4701877269402495	4.282185339268843
livebench_reasoning	qwen25	p02	persistent_fail	15	-20.403872502956833	14.950033251154949
livebench_reasoning	qwen25	p03	preserve	5	11.09842497694139	9.933884328161033
livebench_reasoning	qwen25	p03	trace_damage	4	-15.691423458393881	6.430038012829099
livebench_reasoning	qwen25	p03	persistent_fail	18	-18.172117181631666	21.542156158433766
livebench_reasoning	qwen25	p04-05	preserve	9	11.186291094683716	20.28145242388409
livebench_reasoning	qwen25	p04-05	trace_rescue	4	-13.419528383828853	6.0714931031209
livebench_reasoning	qwen25	p04-05	trace_damage	5	-2.124663553167159	5.102665939365055
livebench_reasoning	qwen25	p04-05	persistent_fail	21	-17.749762874127136	24.222787135450833
livebench_reasoning	qwen25	p06-10	preserve	2	-14.430148706028625	8.472358799895783
livebench_reasoning	qwen25	p06-10	trace_damage	2	-5.102642538169638	1.0238024781636919
livebench_reasoning	qwen25	p06-10	persistent_fail	14	-29.640936474319865	18.596219308509568
livebench_reasoning	qwen3	p01	preserve	6	39.765409470312726	4.400352712879768
livebench_reasoning	qwen3	p01	trace_rescue	2	44.866621398627025	0.22707821219165272
livebench_reasoning	qwen3	p01	trace_damage	6	17.21427371168828	14.680616977601536
livebench_reasoning	qwen3	p01	persistent_fail	13	6.184099849066338	4.613677051497867
livebench_reasoning	qwen3	p02	preserve	6	45.09587843462044	2.255677835691686
livebench_reasoning	qwen3	p02	trace_rescue	3	33.17949936687045	22.951720558375996
livebench_reasoning	qwen3	p02	trace_damage	6	16.001053673462927	12.228850386662257
livebench_reasoning	qwen3	p02	persistent_fail	12	6.044368455540283	5.3688512176726
livebench_reasoning	qwen3	p03	preserve	7	44.439195901313	3.5475931048278215
livebench_reasoning	qwen3	p03	trace_rescue	2	34.38030430214465	25.592877681794217
livebench_reasoning	qwen3	p03	trace_damage	5	15.060774475954048	10.5499050864952
livebench_reasoning	qwen3	p03	persistent_fail	13	11.535694241789459	10.389421559280889
livebench_reasoning	qwen3	p04-05	preserve	13	47.75717041688079	7.163157415268803
livebench_reasoning	qwen3	p04-05	trace_rescue	3	41.56630254345411	20.589655583909998
livebench_reasoning	qwen3	p04-05	trace_damage	8	15.916651653931321	9.219026278050448
livebench_reasoning	qwen3	p04-05	persistent_fail	22	12.016894346379042	12.186877959543306
livebench_reasoning	qwen3	p06-10	preserve	21	47.17164127131541	11.95324494754316
livebench_reasoning	qwen3	p06-10	trace_rescue	8	23.396653009445714	11.093460141029599
livebench_reasoning	qwen3	p06-10	trace_damage	12	11.942579587301026	7.119395900971373
livebench_reasoning	qwen3	p06-10	persistent_fail	31	10.33185911217628	14.411291767126517
livebench_reasoning	qwen3	p11-20	preserve	21	49.503871614084886	8.02467641685798
livebench_reasoning	qwen3	p11-20	trace_rescue	1	16.162857587099687	0.0
livebench_reasoning	qwen3	p11-20	trace_damage	6	14.126869677408331	1.2958641320552053
livebench_reasoning	qwen3	p11-20	persistent_fail	9	10.450012340858768	14.514463405833716
math500	gemma	p01	preserve	27	55.27020049741697	18.08647107752855
math500	gemma	p01	trace_rescue	8	61.40451502423196	7.82961783989444
math500	gemma	p01	trace_damage	6	8.337801623302601	45.772287881586344
math500	gemma	p01	persistent_fail	6	12.490279531945356	49.11233152466664
math500	gemma	p02	preserve	29	53.26924725105896	23.847659759178818
math500	gemma	p02	trace_rescue	7	56.95389490351996	18.458133019690006
math500	gemma	p02	trace_damage	4	-21.27611875263002	64.11906133089643
math500	gemma	p02	persistent_fail	7	14.467155957035398	51.095580923796206
math500	gemma	p03	preserve	32	41.137526219133115	36.705949944787086
math500	gemma	p03	trace_rescue	8	53.1112996946464	35.64336661962384
math500	gemma	p03	trace_damage	1	-62.491380188082175	0.0
math500	gemma	p03	persistent_fail	6	-13.518465754554796	41.96063321881278
math500	gemma	p04-05	preserve	52	25.589268101688667	35.26081660866354
math500	gemma	p04-05	trace_rescue	10	49.66144985532712	32.62561586878655
math500	gemma	p04-05	trace_damage	1	-37.8381391738923	0.0
math500	gemma	p04-05	persistent_fail	12	-19.10048001869432	34.64460751304095
math500	gemma	p06-10	preserve	20	3.8572449230967054	31.97153042151048
math500	gemma	p06-10	trace_rescue	1	77.86385069924857	0.0
math500	gemma	p06-10	persistent_fail	7	-35.507865872487514	14.358597336788662
math500	mistral	p01	preserve	12	10.714853368137902	15.433086027424258
math500	mistral	p01	trace_rescue	7	-8.705081233373374	13.14583589694063
math500	mistral	p01	persistent_fail	28	-18.945543376339597	12.93124406939293
math500	mistral	p02	preserve	12	14.370393556249248	16.02927222329769
math500	mistral	p02	trace_rescue	7	-2.901373754925498	14.02985194638206
math500	mistral	p02	persistent_fail	28	-21.576087101264022	13.199559184365166
math500	mistral	p03	preserve	12	7.902124346176282	16.669831900872463
math500	mistral	p03	trace_rescue	4	-2.765123894819859	19.372996007539694
math500	mistral	p03	persistent_fail	31	-28.03521223583205	14.222894218761907
math500	mistral	p04-05	preserve	18	-1.698262725010586	18.588507433236998
math500	mistral	p04-05	trace_rescue	8	-15.14756076616552	23.97837588292372
math500	mistral	p04-05	persistent_fail	50	-32.98901320413871	14.055444950058474
math500	mistral	p06-10	preserve	5	4.5602569046293056	15.646423786410413
math500	mistral	p06-10	trace_rescue	3	-37.68139621797915	6.151382494569531
math500	mistral	p06-10	trace_damage	1	-13.846717455726717	0.0
math500	mistral	p06-10	persistent_fail	28	-38.03247980681378	13.752985416528894
math500	olmo	p01	preserve	7	12.708361606330202	7.8435366271016465
math500	olmo	p01	trace_rescue	6	10.994939035493962	8.065839960842162
math500	olmo	p01	persistent_fail	31	-3.938208337643374	10.041476966301444
math500	olmo	p02	preserve	7	13.90198685603841	6.226828369291004
math500	olmo	p02	trace_rescue	8	12.404730232758705	3.8224251563931873
math500	olmo	p02	persistent_fail	29	-2.063508327038898	8.05822007548718
math500	olmo	p03	preserve	5	17.10474737968971	5.045862576563673
math500	olmo	p03	trace_rescue	8	13.149590258572752	12.663517837051543
math500	olmo	p03	persistent_fail	27	-0.4320202581663748	9.655628904366642
math500	olmo	p04-05	preserve	5	13.787684110184165	5.674125415099154
math500	olmo	p04-05	trace_rescue	15	16.16959831262161	10.66630749507332
math500	olmo	p04-05	persistent_fail	39	0.5101667854425656	10.999499407025814
math500	olmo	p06-10	preserve	1	22.491496460971938	0.0
math500	olmo	p06-10	trace_rescue	2	6.746685624058358	6.647218336078931
math500	olmo	p06-10	persistent_fail	29	-1.620955774400443	9.130776196373775
math500	qwen	p01	preserve	11	-9.087634287402425	15.952246836499674
math500	qwen	p01	trace_damage	4	-19.285014769878398	9.798147593534619
math500	qwen	p01	persistent_fail	1	-13.967385018151136	0.0
math500	qwen	p02	preserve	16	0.03572891176962434	14.49183400796123
math500	qwen	p02	trace_rescue	1	-8.168578927077004	0.0
math500	qwen	p02	trace_damage	2	-28.442673974451864	3.926755996977717
math500	qwen	p02	persistent_fail	1	5.0498284156879905	0.0
math500	qwen	p03	preserve	9	6.940740204001734	15.139485950971164
math500	qwen	p03	trace_damage	2	-29.055507857627454	0.9229202218151842
math500	qwen	p03	persistent_fail	1	-9.160619286779479	0.0
math500	qwen	p04-05	preserve	21	-2.5675701964867175	16.6726528542631
math500	qwen	p04-05	trace_rescue	1	1.4809793146062473	0.0
math500	qwen	p04-05	trace_damage	2	-27.673763297369483	1.519377453846378
math500	qwen	p04-05	persistent_fail	2	-5.46603141483339	1.5327392085717813
math500	qwen	p06-10	preserve	22	-2.6494861814812114	15.177305400228786
math500	qwen	p06-10	trace_damage	1	-23.13796363799608	0.0
math500	qwen	p11-20	preserve	39	-0.15886592345652056	11.752560954336598
math500	qwen	p11-20	trace_damage	5	-16.34989638248062	8.274222456704718
math500	qwen	p21-50	preserve	68	7.760683583905546	12.3100177709242
math500	qwen	p21-50	trace_damage	11	-1.3973179468397967	8.906892953599383
math500	qwen	p51+	preserve	11	3.8788588642473347	8.201340266479317
math500	qwen	p51+	trace_damage	1	-9.75682351349607	0.0
